{"version":"1.4.0","project":{"name":"project_d5c0a6989e","directory":"C:\\Users\\basil\\Desktop\\ECE DATA IA\\functionnal programing\\project\\.scala-build","workspaceDir":"C:\\Users\\basil\\Desktop\\ECE DATA IA\\functionnal programing\\project","sources":["C:\\Users\\basil\\Desktop\\ECE DATA IA\\functionnal programing\\project\\project\\projet-scala\\src\\main\\scala\\csv\\csvParser.scala","C:\\Users\\basil\\Desktop\\ECE DATA IA\\functionnal programing\\project\\project\\projet-scala\\src\\main\\scala\\main\\Main.scala","C:\\Users\\basil\\Desktop\\ECE DATA IA\\functionnal programing\\project\\project\\projet-scala\\src\\main\\scala\\model\\Airport.scala","C:\\Users\\basil\\Desktop\\ECE DATA IA\\functionnal programing\\project\\project\\projet-scala\\src\\main\\scala\\model\\Country.scala","C:\\Users\\basil\\Desktop\\ECE DATA IA\\functionnal programing\\project\\project\\projet-scala\\src\\main\\scala\\model\\Runway.scala","C:\\Users\\basil\\Desktop\\ECE DATA IA\\functionnal programing\\project\\project\\projet-scala\\src\\main\\scala\\services\\DataLoader.scala","C:\\Users\\basil\\Desktop\\ECE DATA IA\\functionnal programing\\project\\project\\projet-scala\\src\\main\\scala\\services\\DatabaseLoader.scala","C:\\Users\\basil\\Desktop\\ECE DATA IA\\functionnal programing\\project\\project\\projet-scala\\src\\main\\scala\\services\\Reports.scala","C:\\Users\\basil\\Desktop\\ECE DATA IA\\functionnal programing\\project\\project\\projet-scala\\src\\main\\scala\\ui\\ConsoleUI.scala","C:\\Users\\basil\\Desktop\\ECE DATA IA\\functionnal programing\\project\\project\\projet-scala\\src\\main\\scala\\ui\\GUIApp.scala"],"dependencies":[],"classpath":["C:\\Users\\basil\\AppData\\Local\\Coursier\\cache\\v1\\https\\repo1.maven.org\\maven2\\org\\scala-lang\\scala3-library_3\\3.6.3\\scala3-library_3-3.6.3.jar","C:\\Users\\basil\\AppData\\Local\\Coursier\\cache\\v1\\https\\repo1.maven.org\\maven2\\org\\scala-lang\\scala-library\\2.13.15\\scala-library-2.13.15.jar","C:\\Users\\basil\\AppData\\Local\\Coursier\\cache\\v1\\https\\repo1.maven.org\\maven2\\com\\sourcegraph\\semanticdb-javac\\0.10.0\\semanticdb-javac-0.10.0.jar"],"out":"C:\\Users\\basil\\Desktop\\ECE DATA IA\\functionnal programing\\project\\.scala-build\\.bloop\\project_d5c0a6989e","classesDir":"C:\\Users\\basil\\Desktop\\ECE DATA IA\\functionnal programing\\project\\.scala-build\\project_d5c0a6989e\\classes\\main","scala":{"organization":"org.scala-lang","name":"scala-compiler","version":"3.6.3","options":["-Xsemanticdb","-sourceroot","C:\\Users\\basil\\Desktop\\ECE DATA IA\\functionnal programing\\project"],"jars":["C:\\Users\\basil\\AppData\\Local\\Coursier\\cache\\v1\\https\\repo1.maven.org\\maven2\\org\\scala-lang\\scala3-compiler_3\\3.6.3\\scala3-compiler_3-3.6.3.jar","C:\\Users\\basil\\AppData\\Local\\Coursier\\cache\\v1\\https\\repo1.maven.org\\maven2\\org\\scala-lang\\scala3-interfaces\\3.6.3\\scala3-interfaces-3.6.3.jar","C:\\Users\\basil\\AppData\\Local\\Coursier\\cache\\v1\\https\\repo1.maven.org\\maven2\\org\\scala-lang\\scala3-library_3\\3.6.3\\scala3-library_3-3.6.3.jar","C:\\Users\\basil\\AppData\\Local\\Coursier\\cache\\v1\\https\\repo1.maven.org\\maven2\\org\\scala-lang\\tasty-core_3\\3.6.3\\tasty-core_3-3.6.3.jar","C:\\Users\\basil\\AppData\\Local\\Coursier\\cache\\v1\\https\\repo1.maven.org\\maven2\\org\\scala-lang\\modules\\scala-asm\\9.7.0-scala-2\\scala-asm-9.7.0-scala-2.jar","C:\\Users\\basil\\AppData\\Local\\Coursier\\cache\\v1\\https\\repo1.maven.org\\maven2\\org\\scala-sbt\\compiler-interface\\1.9.6\\compiler-interface-1.9.6.jar","C:\\Users\\basil\\AppData\\Local\\Coursier\\cache\\v1\\https\\repo1.maven.org\\maven2\\org\\jline\\jline-reader\\3.27.1\\jline-reader-3.27.1.jar","C:\\Users\\basil\\AppData\\Local\\Coursier\\cache\\v1\\https\\repo1.maven.org\\maven2\\org\\jline\\jline-terminal\\3.27.1\\jline-terminal-3.27.1.jar","C:\\Users\\basil\\AppData\\Local\\Coursier\\cache\\v1\\https\\repo1.maven.org\\maven2\\org\\jline\\jline-terminal-jni\\3.27.1\\jline-terminal-jni-3.27.1.jar","C:\\Users\\basil\\AppData\\Local\\Coursier\\cache\\v1\\https\\repo1.maven.org\\maven2\\org\\scala-lang\\scala-library\\2.13.15\\scala-library-2.13.15.jar","C:\\Users\\basil\\AppData\\Local\\Coursier\\cache\\v1\\https\\repo1.maven.org\\maven2\\org\\scala-sbt\\util-interface\\1.9.8\\util-interface-1.9.8.jar","C:\\Users\\basil\\AppData\\Local\\Coursier\\cache\\v1\\https\\repo1.maven.org\\maven2\\org\\jline\\jline-native\\3.27.1\\jline-native-3.27.1.jar"],"bridgeJars":["C:\\Users\\basil\\AppData\\Local\\Coursier\\cache\\v1\\https\\repo1.maven.org\\maven2\\org\\scala-lang\\scala3-sbt-bridge\\3.6.3\\scala3-sbt-bridge-3.6.3.jar"]},"java":{"options":["-Xplugin:semanticdb -sourceroot:C:\\Users\\basil\\Desktop\\ECE DATA IA\\functionnal programing\\project -targetroot:javac-classes-directory","-J--add-exports","-Jjdk.compiler/com.sun.tools.javac.api=ALL-UNNAMED","-J--add-exports","-Jjdk.compiler/com.sun.tools.javac.code=ALL-UNNAMED","-J--add-exports","-Jjdk.compiler/com.sun.tools.javac.model=ALL-UNNAMED","-J--add-exports","-Jjdk.compiler/com.sun.tools.javac.tree=ALL-UNNAMED","-J--add-exports","-Jjdk.compiler/com.sun.tools.javac.util=ALL-UNNAMED"]},"platform":{"name":"jvm","config":{"home":"C:\\Program Files\\Java\\jdk-11","options":[]},"mainClass":[]},"resolution":{"modules":[{"organization":"org.scala-lang","name":"scala3-library_3","version":"3.6.3","artifacts":[{"name":"scala3-library_3","path":"C:\\Users\\basil\\AppData\\Local\\Coursier\\cache\\v1\\https\\repo1.maven.org\\maven2\\org\\scala-lang\\scala3-library_3\\3.6.3\\scala3-library_3-3.6.3.jar"},{"name":"scala3-library_3","classifier":"sources","path":"C:\\Users\\basil\\AppData\\Local\\Coursier\\cache\\v1\\https\\repo1.maven.org\\maven2\\org\\scala-lang\\scala3-library_3\\3.6.3\\scala3-library_3-3.6.3-sources.jar"}]},{"organization":"org.scala-lang","name":"scala-library","version":"2.13.15","artifacts":[{"name":"scala-library","path":"C:\\Users\\basil\\AppData\\Local\\Coursier\\cache\\v1\\https\\repo1.maven.org\\maven2\\org\\scala-lang\\scala-library\\2.13.15\\scala-library-2.13.15.jar"},{"name":"scala-library","classifier":"sources","path":"C:\\Users\\basil\\AppData\\Local\\Coursier\\cache\\v1\\https\\repo1.maven.org\\maven2\\org\\scala-lang\\scala-library\\2.13.15\\scala-library-2.13.15-sources.jar"}]}]},"tags":["library"]}}